{
    "923184474176@s.whatsapp.net": {
      "id": "923184474176@s.whatsapp.net",
      "nsfw": "false",
      "pdm": "false",
      "welcome": "*@user @pp Welcome Bruhhh In @gname.....!!!!!😊👇🏻♥️* \n\n*_GROUP DESCRIPTION_*\n@desc\n\n\n *______________*\n   *Support us by Subscribing*\n*Youtube.com/suhailtechinfo*",
      "goodbye": "*@user @pp Left From @gname.....!!!!!😒👆🏻♥️* \n\n*_GROUP DESCRIPTION_*\n@desc\n\n\n *______________*\n   *Support us by Subscribing*\n*Youtube.com/suhailtechinfo*",
      "antilink": "false",
      "botenable": "false",
      "economy": "false"
    }
} 

